timestamp,temp_raw,temp_cal,temp_filt,d_temp,humidity,light,motion,motion_event,valid,status
1,3.30,3.30,3.30,nan,26.5,0.540,0,0,1,LOW_TEMP+LOW_HUM
2,3.30,3.30,3.30,0.000,26.5,0.540,0,0,1,LOW_TEMP+LOW_HUM
3,3.30,3.30,3.30,0.000,26.5,0.540,0,0,1,LOW_TEMP+LOW_HUM
4,3.30,3.30,3.30,0.000,26.5,0.540,0,0,1,LOW_TEMP+LOW_HUM
5,3.30,3.30,3.30,0.000,26.5,0.540,0,0,1,LOW_TEMP+LOW_HUM
6,3.30,3.30,3.30,0.000,26.5,0.540,0,0,1,LOW_TEMP+LOW_HUM
7,3.30,3.30,3.30,0.000,26.5,0.540,0,0,1,LOW_TEMP+LOW_HUM
8,3.30,3.30,3.30,0.000,26.5,0.516,0,0,1,LOW_TEMP+LOW_HUM
9,3.30,3.30,3.30,0.000,26.5,0.524,0,0,1,LOW_TEMP+LOW_HUM
10,3.30,3.30,3.30,0.000,26.5,0.532,0,0,1,LOW_TEMP+LOW_HUM
11,3.30,3.30,3.30,0.000,26.5,0.532,0,0,1,LOW_TEMP+LOW_HUM
12,3.30,3.30,3.30,0.000,26.5,0.532,0,0,1,LOW_TEMP+LOW_HUM
13,3.30,3.30,3.30,0.000,26.5,0.540,0,0,1,LOW_TEMP+LOW_HUM
14,3.30,3.30,3.30,0.000,26.5,0.547,0,0,1,LOW_TEMP+LOW_HUM
15,3.30,3.30,3.30,0.000,26.5,0.556,0,0,1,LOW_TEMP+LOW_HUM
16,3.30,3.30,3.30,0.000,26.5,0.564,0,0,1,LOW_TEMP+LOW_HUM
17,3.30,3.30,3.30,0.000,26.5,0.595,0,0,1,LOW_TEMP+LOW_HUM
18,3.30,3.30,3.30,0.000,26.5,0.595,0,0,1,LOW_TEMP+LOW_HUM
19,3.30,3.30,3.30,0.000,26.5,0.633,0,0,1,LOW_TEMP+LOW_HUM
20,3.30,3.30,3.30,0.000,26.5,0.633,0,0,1,LOW_TEMP+LOW_HUM
21,3.30,3.30,3.30,0.000,26.5,0.648,0,0,1,LOW_TEMP+LOW_HUM
22,3.30,3.30,3.30,0.000,26.5,0.648,0,0,1,LOW_TEMP+LOW_HUM
23,3.30,3.30,3.30,0.000,26.5,0.648,0,0,1,LOW_TEMP+LOW_HUM
24,3.30,3.30,3.30,0.000,26.5,0.648,0,0,1,LOW_TEMP+LOW_HUM
25,3.30,3.30,3.30,0.000,26.5,0.663,0,0,1,LOW_TEMP+LOW_HUM
26,3.30,3.30,3.30,0.000,26.5,0.663,0,0,1,LOW_TEMP+LOW_HUM
27,3.30,3.30,3.30,0.000,26.5,0.684,0,0,1,LOW_TEMP+LOW_HUM
28,3.30,3.30,3.30,0.000,26.5,0.698,0,0,1,LOW_TEMP+LOW_HUM
29,3.30,3.30,3.30,0.000,26.5,0.711,0,0,1,LOW_TEMP+LOW_HUM
30,3.30,3.30,3.30,0.000,26.5,0.717,0,0,1,LOW_TEMP+LOW_HUM
31,3.30,3.30,3.30,0.000,26.5,0.724,0,0,1,LOW_TEMP+LOW_HUM
32,3.30,3.30,3.30,0.000,26.5,0.724,0,0,1,LOW_TEMP+LOW_HUM
33,3.30,3.30,3.30,0.000,26.5,0.724,0,0,1,LOW_TEMP+LOW_HUM
34,3.30,3.30,3.30,0.000,26.5,0.724,0,0,1,LOW_TEMP+LOW_HUM
35,3.30,3.30,3.30,0.000,26.5,0.724,0,0,1,LOW_TEMP+LOW_HUM
36,3.30,3.30,3.30,0.000,26.5,0.724,1,1,1,LOW_TEMP+LOW_HUM
37,3.30,3.30,3.30,0.000,26.5,0.724,1,0,1,LOW_TEMP+LOW_HUM
38,3.30,3.30,3.30,0.000,26.5,0.724,1,0,1,LOW_TEMP+LOW_HUM
39,2.30,2.30,3.10,-0.200,26.5,0.724,1,0,1,LOW_TEMP+LOW_HUM
40,2.30,2.30,2.90,-0.200,26.5,0.724,1,0,1,LOW_TEMP+LOW_HUM
41,8.70,8.70,3.98,1.080,26.5,0.724,0,0,1,LOW_TEMP+LOW_HUM
42,8.70,8.70,5.06,1.080,26.5,0.724,0,0,1,LOW_TEMP+LOW_HUM
43,14.00,14.00,7.20,2.140,26.5,0.724,0,0,1,LOW_TEMP+LOW_HUM
44,14.00,14.00,9.54,2.340,26.5,0.724,0,0,1,LOW_TEMP+LOW_HUM
45,18.20,18.20,12.72,3.180,26.5,0.724,0,0,1,LOW_HUM
46,18.20,18.20,14.62,1.900,26.5,0.724,0,0,1,LOW_HUM
47,27.80,27.80,18.44,3.820,26.5,0.724,0,0,1,LOW_HUM
48,27.80,27.80,21.20,2.760,26.5,0.724,0,0,1,LOW_HUM
49,27.80,27.80,23.96,2.760,26.5,0.724,0,0,1,LOW_HUM
50,27.80,27.80,25.88,1.920,26.5,0.724,0,0,1,LOW_HUM
51,31.00,31.00,28.44,2.560,26.5,0.724,0,0,1,HIGH_TEMP+LOW_HUM
52,31.00,31.00,29.08,0.640,26.5,0.724,0,0,1,HIGH_TEMP+LOW_HUM
53,31.00,31.00,29.72,0.640,26.5,0.724,0,0,1,HIGH_TEMP+LOW_HUM
54,31.00,31.00,30.36,0.640,26.5,0.724,0,0,1,HIGH_TEMP+LOW_HUM
55,31.00,31.00,31.00,0.640,26.5,0.724,0,0,1,HIGH_TEMP+LOW_HUM
56,31.00,31.00,31.00,0.000,26.5,0.717,0,0,1,HIGH_TEMP+LOW_HUM
57,31.00,31.00,31.00,0.000,26.5,0.717,0,0,1,HIGH_TEMP+LOW_HUM
58,31.00,31.00,31.00,0.000,26.5,0.704,0,0,1,HIGH_TEMP+LOW_HUM
59,31.00,31.00,31.00,0.000,26.5,0.704,0,0,1,HIGH_TEMP+LOW_HUM
60,31.00,31.00,31.00,0.000,26.5,0.670,0,0,1,HIGH_TEMP+LOW_HUM
61,31.00,31.00,31.00,0.000,26.5,0.655,0,0,1,HIGH_TEMP+LOW_HUM
62,31.00,31.00,31.00,0.000,26.5,0.655,0,0,1,HIGH_TEMP+LOW_HUM
63,31.00,31.00,31.00,0.000,26.5,0.655,0,0,1,HIGH_TEMP+LOW_HUM
64,31.00,31.00,31.00,0.000,26.5,0.633,0,0,1,HIGH_TEMP+LOW_HUM
65,31.00,31.00,31.00,0.000,26.5,0.626,0,0,1,HIGH_TEMP+LOW_HUM
66,31.00,31.00,31.00,0.000,26.5,0.611,0,0,1,HIGH_TEMP+LOW_HUM
67,31.00,31.00,31.00,0.000,26.5,0.603,0,0,1,HIGH_TEMP+LOW_HUM
68,31.00,31.00,31.00,0.000,26.5,0.603,0,0,1,HIGH_TEMP+LOW_HUM
69,31.00,31.00,31.00,0.000,26.5,0.579,0,0,1,HIGH_TEMP+LOW_HUM
70,31.00,31.00,31.00,0.000,26.5,0.579,0,0,1,HIGH_TEMP+LOW_HUM
71,31.00,31.00,31.00,0.000,26.5,0.571,0,0,1,HIGH_TEMP+LOW_HUM
72,31.00,31.00,31.00,0.000,26.5,0.556,0,0,1,HIGH_TEMP+LOW_HUM
73,31.00,31.00,31.00,0.000,26.5,0.556,0,0,1,HIGH_TEMP+LOW_HUM
74,31.00,31.00,31.00,0.000,26.5,0.532,0,0,1,HIGH_TEMP+LOW_HUM
75,31.00,31.00,31.00,0.000,26.5,0.532,0,0,1,HIGH_TEMP+LOW_HUM
76,31.00,31.00,31.00,0.000,26.5,0.483,0,0,1,HIGH_TEMP+LOW_HUM
77,31.00,31.00,31.00,0.000,26.5,0.483,0,0,1,HIGH_TEMP+LOW_HUM
78,31.00,31.00,31.00,0.000,26.5,0.483,0,0,1,HIGH_TEMP+LOW_HUM
79,31.00,31.00,31.00,0.000,33.5,0.483,0,0,1,HIGH_TEMP
80,31.00,31.00,31.00,0.000,33.5,0.483,0,0,1,HIGH_TEMP
81,31.00,31.00,31.00,0.000,36.0,0.483,0,0,1,HIGH_TEMP
82,31.00,31.00,31.00,0.000,36.0,0.483,0,0,1,HIGH_TEMP
83,31.00,31.00,31.00,0.000,38.0,0.483,0,0,1,HIGH_TEMP
84,31.00,31.00,31.00,0.000,38.0,0.483,0,0,1,HIGH_TEMP
85,31.00,31.00,31.00,0.000,41.5,0.483,0,0,1,HIGH_TEMP
86,31.00,31.00,31.00,0.000,41.5,0.483,0,0,1,HIGH_TEMP
87,31.00,31.00,31.00,0.000,43.0,0.483,0,0,1,HIGH_TEMP
88,31.00,31.00,31.00,0.000,43.0,0.483,0,0,1,HIGH_TEMP
89,31.00,31.00,31.00,0.000,43.0,0.483,0,0,1,HIGH_TEMP
90,31.00,31.00,31.00,0.000,43.0,0.483,0,0,1,HIGH_TEMP
91,31.00,31.00,31.00,0.000,53.0,0.483,0,0,1,HIGH_TEMP
92,31.00,31.00,31.00,0.000,53.0,0.483,0,0,1,HIGH_TEMP
93,31.00,31.00,31.00,0.000,57.5,0.483,0,0,1,HIGH_TEMP
94,31.00,31.00,31.00,0.000,57.5,0.483,0,0,1,HIGH_TEMP
95,31.00,31.00,31.00,0.000,57.5,0.483,0,0,1,HIGH_TEMP
96,31.00,31.00,31.00,0.000,57.5,0.483,0,0,1,HIGH_TEMP
97,31.00,31.00,31.00,0.000,61.5,0.483,0,0,1,HIGH_TEMP
98,31.00,31.00,31.00,0.000,61.5,0.483,0,0,1,HIGH_TEMP
99,31.00,31.00,31.00,0.000,61.5,0.483,0,0,1,HIGH_TEMP
100,31.00,31.00,31.00,0.000,61.5,0.483,0,0,1,HIGH_TEMP
101,31.00,31.00,31.00,0.000,69.0,0.483,0,0,1,HIGH_TEMP
102,31.00,31.00,31.00,0.000,69.0,0.483,0,0,1,HIGH_TEMP
103,31.00,31.00,31.00,0.000,69.0,0.483,0,0,1,HIGH_TEMP
104,31.00,31.00,31.00,0.000,69.0,0.483,0,0,1,HIGH_TEMP
105,31.00,31.00,31.00,0.000,69.0,0.483,0,0,1,HIGH_TEMP
106,31.00,31.00,31.00,0.000,69.0,0.483,0,0,1,HIGH_TEMP
107,31.00,31.00,31.00,0.000,69.0,0.483,0,0,1,HIGH_TEMP
108,31.00,31.00,31.00,0.000,69.0,0.483,0,0,1,HIGH_TEMP
109,31.00,31.00,31.00,0.000,69.5,0.483,0,0,1,HIGH_TEMP
110,31.00,31.00,31.00,0.000,69.5,0.483,0,0,1,HIGH_TEMP
111,31.00,31.00,31.00,0.000,88.5,0.483,0,0,1,HIGH_TEMP+HIGH_HUM
112,31.00,31.00,31.00,0.000,88.5,0.483,0,0,1,HIGH_TEMP+HIGH_HUM
113,31.00,31.00,31.00,0.000,88.5,0.483,0,0,1,HIGH_TEMP+HIGH_HUM
114,31.00,31.00,31.00,0.000,88.5,0.483,0,0,1,HIGH_TEMP+HIGH_HUM
115,25.60,25.60,29.92,-1.080,88.5,0.483,0,0,1,HIGH_HUM
116,25.60,25.60,28.84,-1.080,88.5,0.483,0,0,1,HIGH_HUM
117,23.50,23.50,27.34,-1.500,88.5,0.483,0,0,1,HIGH_HUM
118,23.50,23.50,25.84,-1.500,88.5,0.483,0,0,1,HIGH_HUM
119,18.20,18.20,23.28,-2.560,88.5,0.483,0,0,1,HIGH_HUM
120,18.20,18.20,21.80,-1.480,88.5,0.483,0,0,1,HIGH_HUM
121,18.20,18.20,20.32,-1.480,88.5,0.483,0,0,1,HIGH_HUM
122,18.20,18.20,19.26,-1.060,88.5,0.483,0,0,1,HIGH_HUM
123,15.00,15.00,17.56,-1.700,88.5,0.483,0,0,1,LOW_TEMP+HIGH_HUM
124,15.00,15.00,16.92,-0.640,88.5,0.483,0,0,1,LOW_TEMP+HIGH_HUM
125,11.80,11.80,15.64,-1.280,88.5,0.483,0,0,1,LOW_TEMP+HIGH_HUM
126,11.80,11.80,14.36,-1.280,88.5,0.483,0,0,1,LOW_TEMP+HIGH_HUM
127,10.80,10.80,12.88,-1.480,88.5,0.483,0,0,1,LOW_TEMP+HIGH_HUM
128,10.80,10.80,12.04,-0.840,88.5,0.483,0,0,1,LOW_TEMP+HIGH_HUM
129,8.70,8.70,10.78,-1.260,88.5,0.483,0,0,1,LOW_TEMP+HIGH_HUM
130,8.70,8.70,10.16,-0.620,88.5,0.483,0,0,1,LOW_TEMP+HIGH_HUM
131,8.70,8.70,9.54,-0.620,88.5,0.483,0,0,1,LOW_TEMP+HIGH_HUM
132,8.70,8.70,9.12,-0.420,88.5,0.483,0,0,1,LOW_TEMP+HIGH_HUM
133,2.30,2.30,7.42,-1.700,88.5,0.483,0,0,1,LOW_TEMP+HIGH_HUM
134,2.30,2.30,6.14,-1.280,88.5,0.483,0,0,1,LOW_TEMP+HIGH_HUM
135,0.20,0.20,4.44,-1.700,88.5,0.483,0,0,1,LOW_TEMP+HIGH_HUM
136,0.20,0.20,2.74,-1.700,88.5,0.483,0,0,1,LOW_TEMP+HIGH_HUM
137,-3.00,-3.00,0.40,-2.340,88.5,0.483,0,0,1,LOW_TEMP+HIGH_HUM
138,-3.00,-3.00,-0.66,-1.060,88.5,0.483,0,0,1,LOW_TEMP+HIGH_HUM
139,-3.00,-3.00,-1.72,-1.060,88.5,0.483,0,0,1,LOW_TEMP+HIGH_HUM
140,-3.00,-3.00,-2.36,-0.640,88.5,0.483,0,0,1,LOW_TEMP+HIGH_HUM
141,-3.00,-3.00,-3.00,-0.640,88.5,0.483,0,0,1,LOW_TEMP+HIGH_HUM
142,-3.00,-3.00,-3.00,0.000,88.5,0.483,0,0,1,LOW_TEMP+HIGH_HUM
143,-3.00,-3.00,-3.00,0.000,88.5,0.483,0,0,1,LOW_TEMP+HIGH_HUM
144,-3.00,-3.00,-3.00,0.000,88.5,0.483,0,0,1,LOW_TEMP+HIGH_HUM
145,-3.00,-3.00,-3.00,0.000,88.5,0.483,0,0,1,LOW_TEMP+HIGH_HUM
146,-3.00,-3.00,-3.00,0.000,88.5,0.483,0,0,1,LOW_TEMP+HIGH_HUM
147,-3.00,-3.00,-3.00,0.000,88.5,0.483,0,0,1,LOW_TEMP+HIGH_HUM
148,-3.00,-3.00,-3.00,0.000,88.5,0.483,0,0,1,LOW_TEMP+HIGH_HUM
149,-3.00,-3.00,-3.00,0.000,88.5,0.483,0,0,1,LOW_TEMP+HIGH_HUM
150,-3.00,-3.00,-3.00,0.000,88.5,0.483,0,0,1,LOW_TEMP+HIGH_HUM
151,-3.00,-3.00,-3.00,0.000,88.5,0.483,0,0,1,LOW_TEMP+HIGH_HUM
152,-3.00,-3.00,-3.00,0.000,88.5,0.483,0,0,1,LOW_TEMP+HIGH_HUM
153,-3.00,-3.00,-3.00,0.000,88.5,0.483,0,0,1,LOW_TEMP+HIGH_HUM
154,-3.00,-3.00,-3.00,0.000,88.5,0.483,0,0,1,LOW_TEMP+HIGH_HUM
155,-3.00,-3.00,-3.00,0.000,88.5,0.483,0,0,1,LOW_TEMP+HIGH_HUM
156,-3.00,-3.00,-3.00,0.000,88.5,0.483,0,0,1,LOW_TEMP+HIGH_HUM
157,-3.00,-3.00,-3.00,0.000,88.5,0.483,0,0,1,LOW_TEMP+HIGH_HUM
158,-3.00,-3.00,-3.00,0.000,88.5,0.483,0,0,1,LOW_TEMP+HIGH_HUM
159,-3.00,-3.00,-3.00,0.000,88.5,0.483,0,0,1,LOW_TEMP+HIGH_HUM
160,-3.00,-3.00,-3.00,0.000,88.5,0.483,0,0,1,LOW_TEMP+HIGH_HUM
161,-3.00,-3.00,-3.00,0.000,88.5,0.483,0,0,1,LOW_TEMP+HIGH_HUM
162,-3.00,-3.00,-3.00,0.000,88.5,0.483,0,0,1,LOW_TEMP+HIGH_HUM
163,-3.00,-3.00,-3.00,0.000,88.5,0.483,0,0,1,LOW_TEMP+HIGH_HUM
164,-3.00,-3.00,-3.00,0.000,88.5,0.483,0,0,1,LOW_TEMP+HIGH_HUM
165,-3.00,-3.00,-3.00,0.000,88.5,0.483,0,0,1,LOW_TEMP+HIGH_HUM
166,-3.00,-3.00,-3.00,0.000,88.5,0.483,0,0,1,LOW_TEMP+HIGH_HUM
167,-3.00,-3.00,-3.00,0.000,88.5,0.483,0,0,1,LOW_TEMP+HIGH_HUM
168,-3.00,-3.00,-3.00,0.000,88.5,0.483,0,0,1,LOW_TEMP+HIGH_HUM
169,-3.00,-3.00,-3.00,0.000,88.5,0.483,0,0,1,LOW_TEMP+HIGH_HUM
170,-3.00,-3.00,-3.00,0.000,88.5,0.483,0,0,1,LOW_TEMP+HIGH_HUM
171,-3.00,-3.00,-3.00,0.000,88.5,0.483,0,0,1,LOW_TEMP+HIGH_HUM
172,-3.00,-3.00,-3.00,0.000,88.5,0.483,0,0,1,LOW_TEMP+HIGH_HUM
173,-3.00,-3.00,-3.00,0.000,88.5,0.483,0,0,1,LOW_TEMP+HIGH_HUM
174,-3.00,-3.00,-3.00,0.000,88.5,0.483,0,0,1,LOW_TEMP+HIGH_HUM
175,-3.00,-3.00,-3.00,0.000,88.5,0.483,0,0,1,LOW_TEMP+HIGH_HUM
176,-3.00,-3.00,-3.00,0.000,88.5,0.483,0,0,1,LOW_TEMP+HIGH_HUM
177,-3.00,-3.00,-3.00,0.000,88.5,0.483,0,0,1,LOW_TEMP+HIGH_HUM
178,-3.00,-3.00,-3.00,0.000,88.5,0.483,0,0,1,LOW_TEMP+HIGH_HUM
179,-3.00,-3.00,-3.00,0.000,88.5,0.483,0,0,1,LOW_TEMP+HIGH_HUM
180,-3.00,-3.00,-3.00,0.000,88.5,0.483,0,0,1,LOW_TEMP+HIGH_HUM
181,-3.00,-3.00,-3.00,0.000,88.5,0.483,0,0,1,LOW_TEMP+HIGH_HUM
182,-3.00,-3.00,-3.00,0.000,88.5,0.483,0,0,1,LOW_TEMP+HIGH_HUM
183,-3.00,-3.00,-3.00,0.000,88.5,0.483,0,0,1,LOW_TEMP+HIGH_HUM
184,-3.00,-3.00,-3.00,0.000,88.5,0.483,0,0,1,LOW_TEMP+HIGH_HUM
185,-9.40,-9.40,-4.28,-1.280,88.5,0.483,0,0,1,LOW_TEMP+HIGH_HUM
186,-9.40,-9.40,-5.56,-1.280,88.5,0.483,0,0,1,LOW_TEMP+HIGH_HUM
187,-9.40,-9.40,-6.84,-1.280,88.5,0.483,0,0,1,LOW_TEMP+HIGH_HUM
188,-9.40,-9.40,-8.12,-1.280,88.5,0.483,0,0,1,LOW_TEMP+HIGH_HUM
189,-9.40,-9.40,-9.40,-1.280,88.5,0.483,0,0,1,LOW_TEMP+HIGH_HUM
190,-9.40,-9.40,-9.40,0.000,88.5,0.483,0,0,1,LOW_TEMP+HIGH_HUM
191,-9.40,-9.40,-9.40,0.000,88.5,0.483,0,0,1,LOW_TEMP+HIGH_HUM
192,-9.40,-9.40,-9.40,0.000,88.5,0.483,0,0,1,LOW_TEMP+HIGH_HUM
193,-9.40,-9.40,-9.40,0.000,88.5,0.483,0,0,1,LOW_TEMP+HIGH_HUM
194,-9.40,-9.40,-9.40,0.000,88.5,0.483,0,0,1,LOW_TEMP+HIGH_HUM
195,-9.40,-9.40,-9.40,0.000,88.5,0.483,0,0,1,LOW_TEMP+HIGH_HUM
196,-9.40,-9.40,-9.40,0.000,88.5,0.483,0,0,1,LOW_TEMP+HIGH_HUM
197,-9.40,-9.40,-9.40,0.000,88.5,0.483,0,0,1,LOW_TEMP+HIGH_HUM
198,-9.40,-9.40,-9.40,0.000,88.5,0.483,0,0,1,LOW_TEMP+HIGH_HUM
199,-9.40,-9.40,-9.40,0.000,88.5,0.483,0,0,1,LOW_TEMP+HIGH_HUM
200,-9.40,-9.40,-9.40,0.000,88.5,0.483,0,0,1,LOW_TEMP+HIGH_HUM
201,-9.40,-9.40,-9.40,0.000,88.5,0.483,0,0,1,LOW_TEMP+HIGH_HUM
202,-9.40,-9.40,-9.40,0.000,88.5,0.483,0,0,1,LOW_TEMP+HIGH_HUM
203,-9.40,-9.40,-9.40,0.000,88.5,0.483,0,0,1,LOW_TEMP+HIGH_HUM
204,-9.40,-9.40,-9.40,0.000,88.5,0.483,0,0,1,LOW_TEMP+HIGH_HUM
205,-9.40,-9.40,-9.40,0.000,88.5,0.483,0,0,1,LOW_TEMP+HIGH_HUM
206,-9.40,-9.40,-9.40,0.000,88.5,0.483,0,0,1,LOW_TEMP+HIGH_HUM
207,-9.40,-9.40,-9.40,0.000,88.5,0.483,0,0,1,LOW_TEMP+HIGH_HUM
208,-9.40,-9.40,-9.40,0.000,88.5,0.483,0,0,1,LOW_TEMP+HIGH_HUM
209,-9.40,-9.40,-9.40,0.000,88.5,0.483,0,0,1,LOW_TEMP+HIGH_HUM
210,-9.40,-9.40,-9.40,0.000,88.5,0.483,0,0,1,LOW_TEMP+HIGH_HUM
211,-9.40,-9.40,-9.40,0.000,88.5,0.483,0,0,1,LOW_TEMP+HIGH_HUM
212,-9.40,-9.40,-9.40,0.000,88.5,0.483,0,0,1,LOW_TEMP+HIGH_HUM
213,-9.40,-9.40,-9.40,0.000,88.5,0.483,0,0,1,LOW_TEMP+HIGH_HUM
214,-9.40,-9.40,-9.40,0.000,88.5,0.483,0,0,1,LOW_TEMP+HIGH_HUM
215,-9.40,-9.40,-9.40,0.000,88.5,0.483,0,0,1,LOW_TEMP+HIGH_HUM
216,-9.40,-9.40,-9.40,0.000,88.5,0.483,0,0,1,LOW_TEMP+HIGH_HUM
217,-9.40,-9.40,-9.40,0.000,88.5,0.483,0,0,1,LOW_TEMP+HIGH_HUM
218,-9.40,-9.40,-9.40,0.000,88.5,0.483,0,0,1,LOW_TEMP+HIGH_HUM
219,-9.40,-9.40,-9.40,0.000,88.5,0.483,0,0,1,LOW_TEMP+HIGH_HUM
220,-9.40,-9.40,-9.40,0.000,88.5,0.483,0,0,1,LOW_TEMP+HIGH_HUM
221,-9.40,-9.40,-9.40,0.000,88.5,0.483,0,0,1,LOW_TEMP+HIGH_HUM
222,-9.40,-9.40,-9.40,0.000,88.5,0.483,0,0,1,LOW_TEMP+HIGH_HUM
223,-9.40,-9.40,-9.40,0.000,88.5,0.483,0,0,1,LOW_TEMP+HIGH_HUM
224,-9.40,-9.40,-9.40,0.000,88.5,0.483,0,0,1,LOW_TEMP+HIGH_HUM
225,-9.40,-9.40,-9.40,0.000,88.5,0.483,0,0,1,LOW_TEMP+HIGH_HUM
226,-9.40,-9.40,-9.40,0.000,88.5,0.483,0,0,1,LOW_TEMP+HIGH_HUM
227,-9.40,-9.40,-9.40,0.000,88.5,0.483,0,0,1,LOW_TEMP+HIGH_HUM
228,-9.40,-9.40,-9.40,0.000,88.5,0.483,0,0,1,LOW_TEMP+HIGH_HUM
229,-9.40,-9.40,-9.40,0.000,88.5,0.483,0,0,1,LOW_TEMP+HIGH_HUM
230,-9.40,-9.40,-9.40,0.000,88.5,0.483,0,0,1,LOW_TEMP+HIGH_HUM
231,-15.80,-15.80,-10.68,-1.280,88.5,0.483,0,0,1,LOW_TEMP+HIGH_HUM
232,-15.80,-15.80,-11.96,-1.280,88.5,0.483,0,0,1,LOW_TEMP+HIGH_HUM
233,-15.80,-15.80,-13.24,-1.280,88.5,0.483,0,0,1,LOW_TEMP+HIGH_HUM
234,-15.80,-15.80,-14.52,-1.280,88.5,0.483,0,0,1,LOW_TEMP+HIGH_HUM
235,-15.80,-15.80,-15.80,-1.280,88.5,0.483,0,0,1,LOW_TEMP+HIGH_HUM
236,-15.80,-15.80,-15.80,0.000,88.5,0.451,0,0,1,LOW_TEMP+HIGH_HUM
237,-15.80,-15.80,-15.80,0.000,88.5,0.373,0,0,1,LOW_TEMP+HIGH_HUM
238,-15.80,-15.80,-15.80,0.000,88.5,0.366,0,0,1,LOW_TEMP+HIGH_HUM
239,-15.80,-15.80,-15.80,0.000,88.5,0.358,0,0,1,LOW_TEMP+HIGH_HUM
240,-15.80,-15.80,-15.80,0.000,88.5,0.351,0,0,1,LOW_TEMP+HIGH_HUM
241,-15.80,-15.80,-15.80,0.000,88.5,0.351,0,0,1,LOW_TEMP+HIGH_HUM
242,-15.80,-15.80,-15.80,0.000,88.5,0.344,0,0,1,LOW_TEMP+HIGH_HUM
243,-15.80,-15.80,-15.80,0.000,88.5,0.301,0,0,1,LOW_TEMP+HIGH_HUM
244,-15.80,-15.80,-15.80,0.000,88.5,0.295,0,0,1,LOW_TEMP+HIGH_HUM
245,-15.80,-15.80,-15.80,0.000,88.5,0.295,0,0,1,LOW_TEMP+HIGH_HUM
246,-15.80,-15.80,-15.80,0.000,88.5,0.275,0,0,1,LOW_TEMP+HIGH_HUM
247,-15.80,-15.80,-15.80,0.000,88.5,0.275,0,0,1,LOW_TEMP+HIGH_HUM
248,-15.80,-15.80,-15.80,0.000,88.5,0.250,0,0,1,LOW_TEMP+HIGH_HUM
249,-15.80,-15.80,-15.80,0.000,88.5,0.244,0,0,1,LOW_TEMP+HIGH_HUM
250,-15.80,-15.80,-15.80,0.000,88.5,0.244,0,0,1,LOW_TEMP+HIGH_HUM
251,-15.80,-15.80,-15.80,0.000,88.5,0.244,0,0,1,LOW_TEMP+HIGH_HUM
252,-15.80,-15.80,-15.80,0.000,88.5,0.244,0,0,1,LOW_TEMP+HIGH_HUM
253,-15.80,-15.80,-15.80,0.000,88.5,0.238,0,0,1,LOW_TEMP+HIGH_HUM
254,-15.80,-15.80,-15.80,0.000,88.5,0.232,0,0,1,LOW_TEMP+HIGH_HUM
255,-15.80,-15.80,-15.80,0.000,88.5,0.227,0,0,1,LOW_TEMP+HIGH_HUM
256,-15.80,-15.80,-15.80,0.000,88.5,0.227,0,0,1,LOW_TEMP+HIGH_HUM
257,-15.80,-15.80,-15.80,0.000,88.5,0.227,0,0,1,LOW_TEMP+HIGH_HUM
258,-15.80,-15.80,-15.80,0.000,88.5,0.227,0,0,1,LOW_TEMP+HIGH_HUM
259,-15.80,-15.80,-15.80,0.000,88.5,0.227,0,0,1,LOW_TEMP+HIGH_HUM
260,-15.80,-15.80,-15.80,0.000,88.5,0.210,0,0,1,LOW_TEMP+HIGH_HUM
261,-15.80,-15.80,-15.80,0.000,88.5,0.210,0,0,1,LOW_TEMP+HIGH_HUM
262,-15.80,-15.80,-15.80,0.000,88.5,0.189,0,0,1,LOW_TEMP+HIGH_HUM
263,-15.80,-15.80,-15.80,0.000,88.5,0.189,0,0,1,LOW_TEMP+HIGH_HUM
264,-15.80,-15.80,-15.80,0.000,88.5,0.189,0,0,1,LOW_TEMP+HIGH_HUM
265,-15.80,-15.80,-15.80,0.000,88.5,0.189,0,0,1,LOW_TEMP+HIGH_HUM
266,-15.80,-15.80,-15.80,0.000,88.5,0.189,0,0,1,LOW_TEMP+HIGH_HUM
267,-15.80,-15.80,-15.80,0.000,88.5,0.180,0,0,1,LOW_TEMP+HIGH_HUM
268,-15.80,-15.80,-15.80,0.000,88.5,0.180,0,0,1,LOW_TEMP+HIGH_HUM
269,-15.80,-15.80,-15.80,0.000,88.5,0.166,0,0,1,LOW_TEMP+HIGH_HUM
270,-15.80,-15.80,-15.80,0.000,88.5,0.145,0,0,1,LOW_TEMP+HIGH_HUM
271,-15.80,-15.80,-15.80,0.000,88.5,0.141,0,0,1,LOW_TEMP+HIGH_HUM
272,-15.80,-15.80,-15.80,0.000,88.5,0.141,0,0,1,LOW_TEMP+HIGH_HUM
273,-15.80,-15.80,-15.80,0.000,88.5,0.133,0,0,1,LOW_TEMP+HIGH_HUM
274,-15.80,-15.80,-15.80,0.000,88.5,0.130,0,0,1,LOW_TEMP+HIGH_HUM
275,-15.80,-15.80,-15.80,0.000,88.5,0.130,0,0,1,LOW_TEMP+HIGH_HUM
276,-15.80,-15.80,-15.80,0.000,88.5,0.130,0,0,1,LOW_TEMP+HIGH_HUM
277,-15.80,-15.80,-15.80,0.000,88.5,0.123,0,0,1,LOW_TEMP+HIGH_HUM
278,-15.80,-15.80,-15.80,0.000,88.5,0.103,0,0,1,LOW_TEMP+HIGH_HUM
279,-15.80,-15.80,-15.80,0.000,88.5,0.103,0,0,1,LOW_TEMP+HIGH_HUM
280,-15.80,-15.80,-15.80,0.000,88.5,0.103,0,0,1,LOW_TEMP+HIGH_HUM
281,-15.80,-15.80,-15.80,0.000,88.5,0.103,0,0,1,LOW_TEMP+HIGH_HUM
282,-15.80,-15.80,-15.80,0.000,88.5,0.103,0,0,1,LOW_TEMP+HIGH_HUM
283,-15.80,-15.80,-15.80,0.000,88.5,0.103,0,0,1,LOW_TEMP+HIGH_HUM
284,-15.80,-15.80,-15.80,0.000,88.5,0.089,0,0,1,LOW_TEMP+HIGH_HUM
285,-15.80,-15.80,-15.80,0.000,88.5,0.089,0,0,1,LOW_TEMP+HIGH_HUM
286,-15.80,-15.80,-15.80,0.000,88.5,0.089,0,0,1,LOW_TEMP+HIGH_HUM
287,-15.80,-15.80,-15.80,0.000,88.5,0.089,0,0,1,LOW_TEMP+HIGH_HUM
288,-15.80,-15.80,-15.80,0.000,88.5,0.089,0,0,1,LOW_TEMP+HIGH_HUM
289,-15.80,-15.80,-15.80,0.000,88.5,0.089,0,0,1,LOW_TEMP+HIGH_HUM
290,-15.80,-15.80,-15.80,0.000,88.5,0.089,0,0,1,LOW_TEMP+HIGH_HUM
291,-15.80,-15.80,-15.80,0.000,87.5,0.089,0,0,1,LOW_TEMP+HIGH_HUM
292,-15.80,-15.80,-15.80,0.000,87.5,0.089,0,0,1,LOW_TEMP+HIGH_HUM
293,-15.80,-15.80,-15.80,0.000,83.0,0.089,0,0,1,LOW_TEMP+HIGH_HUM
294,-15.80,-15.80,-15.80,0.000,83.0,0.089,0,0,1,LOW_TEMP+HIGH_HUM
295,-15.80,-15.80,-15.80,0.000,82.0,0.089,0,0,1,LOW_TEMP+HIGH_HUM
296,-15.80,-15.80,-15.80,0.000,82.0,0.089,0,0,1,LOW_TEMP+HIGH_HUM
297,-15.80,-15.80,-15.80,0.000,78.5,0.089,0,0,1,LOW_TEMP+HIGH_HUM
298,-15.80,-15.80,-15.80,0.000,78.5,0.089,0,0,1,LOW_TEMP+HIGH_HUM
299,-15.80,-15.80,-15.80,0.000,78.5,0.089,0,0,1,LOW_TEMP+HIGH_HUM
300,-15.80,-15.80,-15.80,0.000,78.5,0.089,0,0,1,LOW_TEMP+HIGH_HUM
301,-15.80,-15.80,-15.80,0.000,75.0,0.089,0,0,1,LOW_TEMP+HIGH_HUM
302,-15.80,-15.80,-15.80,0.000,75.0,0.089,0,0,1,LOW_TEMP+HIGH_HUM
303,-15.80,-15.80,-15.80,0.000,75.0,0.089,0,0,1,LOW_TEMP+HIGH_HUM
304,-15.80,-15.80,-15.80,0.000,75.0,0.089,0,0,1,LOW_TEMP+HIGH_HUM
305,-15.80,-15.80,-15.80,0.000,75.0,0.089,0,0,1,LOW_TEMP+HIGH_HUM
306,-15.80,-15.80,-15.80,0.000,75.0,0.089,0,0,1,LOW_TEMP+HIGH_HUM
307,-15.80,-15.80,-15.80,0.000,75.0,0.089,0,0,1,LOW_TEMP+HIGH_HUM
308,-15.80,-15.80,-15.80,0.000,75.0,0.089,0,0,1,LOW_TEMP+HIGH_HUM
309,-15.80,-15.80,-15.80,0.000,75.0,0.089,0,0,1,LOW_TEMP+HIGH_HUM
310,-15.80,-15.80,-15.80,0.000,75.0,0.089,0,0,1,LOW_TEMP+HIGH_HUM
311,-15.80,-15.80,-15.80,0.000,75.0,0.089,0,0,1,LOW_TEMP+HIGH_HUM
312,-15.80,-15.80,-15.80,0.000,75.0,0.089,0,0,1,LOW_TEMP+HIGH_HUM
313,-15.80,-15.80,-15.80,0.000,75.0,0.089,0,0,1,LOW_TEMP+HIGH_HUM
314,-15.80,-15.80,-15.80,0.000,75.0,0.089,0,0,1,LOW_TEMP+HIGH_HUM
315,-15.80,-15.80,-15.80,0.000,75.0,0.089,0,0,1,LOW_TEMP+HIGH_HUM
316,-15.80,-15.80,-15.80,0.000,75.0,0.089,0,0,1,LOW_TEMP+HIGH_HUM
317,-15.80,-15.80,-15.80,0.000,75.0,0.089,0,0,1,LOW_TEMP+HIGH_HUM
318,-15.80,-15.80,-15.80,0.000,75.0,0.089,0,0,1,LOW_TEMP+HIGH_HUM
319,-15.80,-15.80,-15.80,0.000,75.0,0.089,0,0,1,LOW_TEMP+HIGH_HUM
320,-15.80,-15.80,-15.80,0.000,75.0,0.089,0,0,1,LOW_TEMP+HIGH_HUM
321,-15.80,-15.80,-15.80,0.000,75.0,0.089,0,0,1,LOW_TEMP+HIGH_HUM
322,-15.80,-15.80,-15.80,0.000,75.0,0.089,0,0,1,LOW_TEMP+HIGH_HUM
323,-15.80,-15.80,-15.80,0.000,75.0,0.089,0,0,1,LOW_TEMP+HIGH_HUM
324,-15.80,-15.80,-15.80,0.000,75.0,0.089,0,0,1,LOW_TEMP+HIGH_HUM
325,-15.80,-15.80,-15.80,0.000,75.0,0.089,0,0,1,LOW_TEMP+HIGH_HUM
326,-15.80,-15.80,-15.80,0.000,75.0,0.089,0,0,1,LOW_TEMP+HIGH_HUM
327,-15.80,-15.80,-15.80,0.000,75.0,0.089,0,0,1,LOW_TEMP+HIGH_HUM
328,-15.80,-15.80,-15.80,0.000,75.0,0.089,0,0,1,LOW_TEMP+HIGH_HUM
329,-15.80,-15.80,-15.80,0.000,75.0,0.089,0,0,1,LOW_TEMP+HIGH_HUM
330,-15.80,-15.80,-15.80,0.000,75.0,0.089,0,0,1,LOW_TEMP+HIGH_HUM
331,-15.80,-15.80,-15.80,0.000,75.0,0.089,0,0,1,LOW_TEMP+HIGH_HUM
332,-15.80,-15.80,-15.80,0.000,75.0,0.089,0,0,1,LOW_TEMP+HIGH_HUM
333,-15.80,-15.80,-15.80,0.000,75.0,0.089,0,0,1,LOW_TEMP+HIGH_HUM
334,-15.80,-15.80,-15.80,0.000,75.0,0.089,0,0,1,LOW_TEMP+HIGH_HUM
335,-15.80,-15.80,-15.80,0.000,75.0,0.089,0,0,1,LOW_TEMP+HIGH_HUM
336,-15.80,-15.80,-15.80,0.000,75.0,0.089,0,0,1,LOW_TEMP+HIGH_HUM
337,-15.80,-15.80,-15.80,0.000,75.0,0.089,0,0,1,LOW_TEMP+HIGH_HUM
338,-15.80,-15.80,-15.80,0.000,75.0,0.089,0,0,1,LOW_TEMP+HIGH_HUM
339,-15.80,-15.80,-15.80,0.000,75.0,0.089,0,0,1,LOW_TEMP+HIGH_HUM
340,-15.80,-15.80,-15.80,0.000,75.0,0.089,0,0,1,LOW_TEMP+HIGH_HUM
341,-15.80,-15.80,-15.80,0.000,75.0,0.089,0,0,1,LOW_TEMP+HIGH_HUM
342,-15.80,-15.80,-15.80,0.000,75.0,0.089,0,0,1,LOW_TEMP+HIGH_HUM
343,-15.80,-15.80,-15.80,0.000,75.0,0.089,0,0,1,LOW_TEMP+HIGH_HUM
344,-15.80,-15.80,-15.80,0.000,75.0,0.089,0,0,1,LOW_TEMP+HIGH_HUM
345,-15.80,-15.80,-15.80,0.000,75.0,0.089,0,0,1,LOW_TEMP+HIGH_HUM
346,-15.80,-15.80,-15.80,0.000,75.0,0.089,0,0,1,LOW_TEMP+HIGH_HUM
347,-15.80,-15.80,-15.80,0.000,75.0,0.089,0,0,1,LOW_TEMP+HIGH_HUM
348,-15.80,-15.80,-15.80,0.000,75.0,0.089,0,0,1,LOW_TEMP+HIGH_HUM
349,-15.80,-15.80,-15.80,0.000,75.0,0.089,0,0,1,LOW_TEMP+HIGH_HUM
350,-15.80,-15.80,-15.80,0.000,75.0,0.089,0,0,1,LOW_TEMP+HIGH_HUM
351,-15.80,-15.80,-15.80,0.000,75.0,0.089,0,0,1,LOW_TEMP+HIGH_HUM
352,-15.80,-15.80,-15.80,0.000,75.0,0.089,0,0,1,LOW_TEMP+HIGH_HUM
353,-15.80,-15.80,-15.80,0.000,75.0,0.089,0,0,1,LOW_TEMP+HIGH_HUM
354,-15.80,-15.80,-15.80,0.000,75.0,0.089,0,0,1,LOW_TEMP+HIGH_HUM
355,-15.80,-15.80,-15.80,0.000,75.0,0.089,0,0,1,LOW_TEMP+HIGH_HUM
356,-15.80,-15.80,-15.80,0.000,75.0,0.089,0,0,1,LOW_TEMP+HIGH_HUM
357,-15.80,-15.80,-15.80,0.000,75.0,0.089,0,0,1,LOW_TEMP+HIGH_HUM
358,-15.80,-15.80,-15.80,0.000,75.0,0.089,0,0,1,LOW_TEMP+HIGH_HUM
359,-15.80,-15.80,-15.80,0.000,75.0,0.089,0,0,1,LOW_TEMP+HIGH_HUM
360,-15.80,-15.80,-15.80,0.000,75.0,0.089,0,0,1,LOW_TEMP+HIGH_HUM
361,-15.80,-15.80,-15.80,0.000,75.0,0.089,0,0,1,LOW_TEMP+HIGH_HUM
362,-15.80,-15.80,-15.80,0.000,75.0,0.089,0,0,1,LOW_TEMP+HIGH_HUM
363,-15.80,-15.80,-15.80,0.000,75.0,0.089,0,0,1,LOW_TEMP+HIGH_HUM
364,-15.80,-15.80,-15.80,0.000,75.0,0.089,0,0,1,LOW_TEMP+HIGH_HUM
365,-15.80,-15.80,-15.80,0.000,75.0,0.089,0,0,1,LOW_TEMP+HIGH_HUM
366,-15.80,-15.80,-15.80,0.000,75.0,0.089,0,0,1,LOW_TEMP+HIGH_HUM
367,-15.80,-15.80,-15.80,0.000,75.0,0.089,0,0,1,LOW_TEMP+HIGH_HUM
368,-15.80,-15.80,-15.80,0.000,75.0,0.089,0,0,1,LOW_TEMP+HIGH_HUM
369,-15.80,-15.80,-15.80,0.000,75.0,0.089,0,0,1,LOW_TEMP+HIGH_HUM
370,-15.80,-15.80,-15.80,0.000,75.0,0.089,0,0,1,LOW_TEMP+HIGH_HUM
371,-15.80,-15.80,-15.80,0.000,75.0,0.089,0,0,1,LOW_TEMP+HIGH_HUM
372,-15.80,-15.80,-15.80,0.000,75.0,0.089,0,0,1,LOW_TEMP+HIGH_HUM
373,-15.80,-15.80,-15.80,0.000,75.0,0.089,0,0,1,LOW_TEMP+HIGH_HUM
374,-15.80,-15.80,-15.80,0.000,75.0,0.089,0,0,1,LOW_TEMP+HIGH_HUM
375,-15.80,-15.80,-15.80,0.000,75.0,0.089,0,0,1,LOW_TEMP+HIGH_HUM
376,-15.80,-15.80,-15.80,0.000,75.0,0.089,0,0,1,LOW_TEMP+HIGH_HUM
377,-15.80,-15.80,-15.80,0.000,75.0,0.089,0,0,1,LOW_TEMP+HIGH_HUM
378,-15.80,-15.80,-15.80,0.000,75.0,0.089,0,0,1,LOW_TEMP+HIGH_HUM
379,-15.80,-15.80,-15.80,0.000,75.0,0.089,0,0,1,LOW_TEMP+HIGH_HUM
380,-15.80,-15.80,-15.80,0.000,75.0,0.089,0,0,1,LOW_TEMP+HIGH_HUM
381,-15.80,-15.80,-15.80,0.000,75.0,0.089,0,0,1,LOW_TEMP+HIGH_HUM
382,-15.80,-15.80,-15.80,0.000,75.0,0.089,0,0,1,LOW_TEMP+HIGH_HUM
383,-15.80,-15.80,-15.80,0.000,75.0,0.089,0,0,1,LOW_TEMP+HIGH_HUM
384,-15.80,-15.80,-15.80,0.000,75.0,0.089,0,0,1,LOW_TEMP+HIGH_HUM
385,-15.80,-15.80,-15.80,0.000,75.0,0.089,0,0,1,LOW_TEMP+HIGH_HUM
386,-15.80,-15.80,-15.80,0.000,75.0,0.089,0,0,1,LOW_TEMP+HIGH_HUM
387,-15.80,-15.80,-15.80,0.000,75.0,0.089,0,0,1,LOW_TEMP+HIGH_HUM
388,-15.80,-15.80,-15.80,0.000,75.0,0.089,0,0,1,LOW_TEMP+HIGH_HUM
389,-15.80,-15.80,-15.80,0.000,75.0,0.089,0,0,1,LOW_TEMP+HIGH_HUM
390,-15.80,-15.80,-15.80,0.000,75.0,0.089,0,0,1,LOW_TEMP+HIGH_HUM
391,-15.80,-15.80,-15.80,0.000,75.0,0.089,0,0,1,LOW_TEMP+HIGH_HUM
392,-15.80,-15.80,-15.80,0.000,75.0,0.089,0,0,1,LOW_TEMP+HIGH_HUM
393,-15.80,-15.80,-15.80,0.000,75.0,0.089,0,0,1,LOW_TEMP+HIGH_HUM
394,-15.80,-15.80,-15.80,0.000,75.0,0.089,0,0,1,LOW_TEMP+HIGH_HUM
395,-15.80,-15.80,-15.80,0.000,75.0,0.089,0,0,1,LOW_TEMP+HIGH_HUM
396,-15.80,-15.80,-15.80,0.000,75.0,0.089,0,0,1,LOW_TEMP+HIGH_HUM
397,-15.80,-15.80,-15.80,0.000,75.0,0.089,0,0,1,LOW_TEMP+HIGH_HUM
398,-15.80,-15.80,-15.80,0.000,75.0,0.089,0,0,1,LOW_TEMP+HIGH_HUM
399,-15.80,-15.80,-15.80,0.000,75.0,0.089,0,0,1,LOW_TEMP+HIGH_HUM
400,-15.80,-15.80,-15.80,0.000,75.0,0.089,0,0,1,LOW_TEMP+HIGH_HUM
401,-15.80,-15.80,-15.80,0.000,75.0,0.089,0,0,1,LOW_TEMP+HIGH_HUM
402,-15.80,-15.80,-15.80,0.000,75.0,0.089,0,0,1,LOW_TEMP+HIGH_HUM
403,-15.80,-15.80,-15.80,0.000,75.0,0.089,0,0,1,LOW_TEMP+HIGH_HUM
404,-15.80,-15.80,-15.80,0.000,75.0,0.089,0,0,1,LOW_TEMP+HIGH_HUM
405,-15.80,-15.80,-15.80,0.000,75.0,0.089,0,0,1,LOW_TEMP+HIGH_HUM
406,-15.80,-15.80,-15.80,0.000,75.0,0.089,0,0,1,LOW_TEMP+HIGH_HUM
407,-15.80,-15.80,-15.80,0.000,75.0,0.089,0,0,1,LOW_TEMP+HIGH_HUM
408,-15.80,-15.80,-15.80,0.000,75.0,0.089,0,0,1,LOW_TEMP+HIGH_HUM
409,-15.80,-15.80,-15.80,0.000,75.0,0.089,0,0,1,LOW_TEMP+HIGH_HUM
410,-15.80,-15.80,-15.80,0.000,75.0,0.089,0,0,1,LOW_TEMP+HIGH_HUM
411,-15.80,-15.80,-15.80,0.000,75.0,0.089,0,0,1,LOW_TEMP+HIGH_HUM
412,-15.80,-15.80,-15.80,0.000,75.0,0.089,0,0,1,LOW_TEMP+HIGH_HUM
413,-15.80,-15.80,-15.80,0.000,75.0,0.089,0,0,1,LOW_TEMP+HIGH_HUM
414,-15.80,-15.80,-15.80,0.000,75.0,0.089,0,0,1,LOW_TEMP+HIGH_HUM
415,-15.80,-15.80,-15.80,0.000,75.0,0.089,0,0,1,LOW_TEMP+HIGH_HUM
416,-15.80,-15.80,-15.80,0.000,75.0,0.089,0,0,1,LOW_TEMP+HIGH_HUM
417,-15.80,-15.80,-15.80,0.000,75.0,0.089,0,0,1,LOW_TEMP+HIGH_HUM
418,-15.80,-15.80,-15.80,0.000,75.0,0.089,0,0,1,LOW_TEMP+HIGH_HUM
419,-15.80,-15.80,-15.80,0.000,75.0,0.089,0,0,1,LOW_TEMP+HIGH_HUM
420,-15.80,-15.80,-15.80,0.000,75.0,0.089,0,0,1,LOW_TEMP+HIGH_HUM
421,-15.80,-15.80,-15.80,0.000,75.0,0.089,0,0,1,LOW_TEMP+HIGH_HUM
422,-15.80,-15.80,-15.80,0.000,75.0,0.089,0,0,1,LOW_TEMP+HIGH_HUM
423,-15.80,-15.80,-15.80,0.000,75.0,0.089,0,0,1,LOW_TEMP+HIGH_HUM
424,-15.80,-15.80,-15.80,0.000,75.0,0.089,0,0,1,LOW_TEMP+HIGH_HUM
425,-15.80,-15.80,-15.80,0.000,75.0,0.089,0,0,1,LOW_TEMP+HIGH_HUM
426,-15.80,-15.80,-15.80,0.000,75.0,0.089,0,0,1,LOW_TEMP+HIGH_HUM
427,-15.80,-15.80,-15.80,0.000,75.0,0.089,0,0,1,LOW_TEMP+HIGH_HUM
428,-15.80,-15.80,-15.80,0.000,75.0,0.089,0,0,1,LOW_TEMP+HIGH_HUM
429,-15.80,-15.80,-15.80,0.000,75.0,0.089,0,0,1,LOW_TEMP+HIGH_HUM
430,-15.80,-15.80,-15.80,0.000,75.0,0.089,0,0,1,LOW_TEMP+HIGH_HUM
431,-15.80,-15.80,-15.80,0.000,75.0,0.089,0,0,1,LOW_TEMP+HIGH_HUM
432,-15.80,-15.80,-15.80,0.000,75.0,0.089,0,0,1,LOW_TEMP+HIGH_HUM
433,-15.80,-15.80,-15.80,0.000,75.0,0.089,0,0,1,LOW_TEMP+HIGH_HUM
434,-15.80,-15.80,-15.80,0.000,75.0,0.089,0,0,1,LOW_TEMP+HIGH_HUM
435,-15.80,-15.80,-15.80,0.000,75.0,0.089,0,0,1,LOW_TEMP+HIGH_HUM
436,-15.80,-15.80,-15.80,0.000,75.0,0.089,0,0,1,LOW_TEMP+HIGH_HUM
437,-15.80,-15.80,-15.80,0.000,75.0,0.089,0,0,1,LOW_TEMP+HIGH_HUM
438,-15.80,-15.80,-15.80,0.000,75.0,0.089,0,0,1,LOW_TEMP+HIGH_HUM
439,-15.80,-15.80,-15.80,0.000,75.0,0.089,0,0,1,LOW_TEMP+HIGH_HUM
440,-15.80,-15.80,-15.80,0.000,75.0,0.089,0,0,1,LOW_TEMP+HIGH_HUM
441,-15.80,-15.80,-15.80,0.000,75.0,0.089,0,0,1,LOW_TEMP+HIGH_HUM
442,-15.80,-15.80,-15.80,0.000,75.0,0.089,0,0,1,LOW_TEMP+HIGH_HUM
443,-15.80,-15.80,-15.80,0.000,75.0,0.089,0,0,1,LOW_TEMP+HIGH_HUM
444,-15.80,-15.80,-15.80,0.000,75.0,0.089,0,0,1,LOW_TEMP+HIGH_HUM
445,-15.80,-15.80,-15.80,0.000,75.0,0.089,0,0,1,LOW_TEMP+HIGH_HUM
446,-15.80,-15.80,-15.80,0.000,75.0,0.089,0,0,1,LOW_TEMP+HIGH_HUM
447,-15.80,-15.80,-15.80,0.000,75.0,0.089,0,0,1,LOW_TEMP+HIGH_HUM
448,-15.80,-15.80,-15.80,0.000,75.0,0.089,0,0,1,LOW_TEMP+HIGH_HUM
449,-15.80,-15.80,-15.80,0.000,75.0,0.089,0,0,1,LOW_TEMP+HIGH_HUM
450,-15.80,-15.80,-15.80,0.000,75.0,0.089,0,0,1,LOW_TEMP+HIGH_HUM
451,-15.80,-15.80,-15.80,0.000,75.0,0.089,0,0,1,LOW_TEMP+HIGH_HUM
452,-15.80,-15.80,-15.80,0.000,75.0,0.089,0,0,1,LOW_TEMP+HIGH_HUM
453,-15.80,-15.80,-15.80,0.000,75.0,0.089,0,0,1,LOW_TEMP+HIGH_HUM
454,-15.80,-15.80,-15.80,0.000,75.0,0.089,0,0,1,LOW_TEMP+HIGH_HUM
455,-15.80,-15.80,-15.80,0.000,75.0,0.089,0,0,1,LOW_TEMP+HIGH_HUM
456,-15.80,-15.80,-15.80,0.000,75.0,0.089,0,0,1,LOW_TEMP+HIGH_HUM
457,-15.80,-15.80,-15.80,0.000,75.0,0.089,0,0,1,LOW_TEMP+HIGH_HUM
458,-15.80,-15.80,-15.80,0.000,75.0,0.089,0,0,1,LOW_TEMP+HIGH_HUM
459,-15.80,-15.80,-15.80,0.000,75.0,0.089,0,0,1,LOW_TEMP+HIGH_HUM
460,-15.80,-15.80,-15.80,0.000,75.0,0.089,0,0,1,LOW_TEMP+HIGH_HUM
461,-5.20,-5.20,-13.68,2.120,75.0,0.089,0,0,1,LOW_TEMP+HIGH_HUM
462,-5.20,-5.20,-11.56,2.120,75.0,0.089,0,0,1,LOW_TEMP+HIGH_HUM
463,2.30,2.30,-7.94,3.620,75.0,0.089,0,0,1,LOW_TEMP+HIGH_HUM
464,2.30,2.30,-4.32,3.620,75.0,0.089,0,0,1,LOW_TEMP+HIGH_HUM
465,2.30,2.30,-0.70,3.620,69.5,0.089,0,0,1,LOW_TEMP
466,2.30,2.30,0.80,1.500,69.5,0.089,0,0,1,LOW_TEMP
467,2.30,2.30,2.30,1.500,63.5,0.089,0,0,1,LOW_TEMP
468,2.30,2.30,2.30,0.000,63.5,0.089,0,0,1,LOW_TEMP
469,2.30,2.30,2.30,0.000,54.0,0.089,0,0,1,LOW_TEMP
470,2.30,2.30,2.30,0.000,54.0,0.089,0,0,1,LOW_TEMP
471,2.30,2.30,2.30,0.000,38.5,0.089,0,0,1,LOW_TEMP
472,2.30,2.30,2.30,0.000,38.5,0.089,0,0,1,LOW_TEMP
473,2.30,2.30,2.30,0.000,41.5,0.089,0,0,1,LOW_TEMP
474,2.30,2.30,2.30,0.000,41.5,0.089,0,0,1,LOW_TEMP
475,7.60,7.60,3.36,1.060,41.5,0.089,0,0,1,LOW_TEMP
476,7.60,7.60,4.42,1.060,41.5,0.089,0,0,1,LOW_TEMP
477,9.70,9.70,5.90,1.480,41.5,0.089,0,0,1,LOW_TEMP
478,9.70,9.70,7.38,1.480,41.5,0.089,0,0,1,LOW_TEMP
479,12.90,12.90,9.50,2.120,41.5,0.089,0,0,1,LOW_TEMP
480,12.90,12.90,10.56,1.060,41.5,0.089,0,0,1,LOW_TEMP
481,20.30,20.30,13.10,2.540,41.5,0.089,0,0,1,NORMAL
482,20.30,20.30,15.22,2.120,41.5,0.089,0,0,1,NORMAL
483,24.60,24.60,18.20,2.980,41.5,0.089,0,0,1,NORMAL
484,24.60,24.60,20.54,2.340,41.5,0.089,0,0,1,NORMAL
485,29.90,29.90,23.94,3.400,41.5,0.089,0,0,1,NORMAL
486,29.90,29.90,25.86,1.920,41.5,0.089,0,0,1,NORMAL
487,34.10,34.10,28.62,2.760,41.5,0.089,0,0,1,HIGH_TEMP
488,34.10,34.10,30.52,1.900,41.5,0.089,0,0,1,HIGH_TEMP
489,35.20,35.20,32.64,2.120,41.5,0.089,0,0,1,HIGH_TEMP
490,35.20,35.20,33.70,1.060,41.5,0.089,0,0,1,HIGH_TEMP
491,38.40,38.40,35.40,1.700,41.5,0.089,0,0,1,HIGH_TEMP
492,38.40,38.40,36.26,0.860,41.5,0.089,0,0,1,HIGH_TEMP
493,38.40,38.40,37.12,0.860,41.5,0.089,0,0,1,HIGH_TEMP
494,38.40,38.40,37.76,0.640,41.5,0.089,0,0,1,HIGH_TEMP
495,38.40,38.40,38.40,0.640,41.5,0.089,0,0,1,HIGH_TEMP
496,38.40,38.40,38.40,0.000,41.5,0.089,0,0,1,HIGH_TEMP
497,38.40,38.40,38.40,0.000,41.5,0.089,0,0,1,HIGH_TEMP
498,38.40,38.40,38.40,0.000,41.5,0.089,0,0,1,HIGH_TEMP
499,38.40,38.40,38.40,0.000,41.5,0.089,0,0,1,HIGH_TEMP
500,38.40,38.40,38.40,0.000,41.5,0.089,0,0,1,HIGH_TEMP
501,42.60,42.60,39.24,0.840,41.5,0.089,0,0,1,HIGH_TEMP
502,42.60,42.60,40.08,0.840,41.5,0.089,0,0,1,HIGH_TEMP
503,43.70,43.70,41.14,1.060,41.5,0.089,0,0,1,HIGH_TEMP
504,43.70,43.70,42.20,1.060,41.5,0.089,0,0,1,HIGH_TEMP
505,47.90,47.90,44.10,1.900,41.5,0.089,0,0,1,HIGH_TEMP
506,47.90,47.90,45.16,1.060,41.5,0.089,0,0,1,HIGH_TEMP
507,49.00,49.00,46.44,1.280,41.5,0.089,0,0,1,HIGH_TEMP
508,49.00,49.00,47.50,1.060,41.5,0.089,0,0,1,HIGH_TEMP
509,50.10,50.10,48.78,1.280,41.5,0.089,0,0,1,HIGH_TEMP
510,50.10,50.10,49.22,0.440,41.5,0.089,0,0,1,HIGH_TEMP
511,50.10,50.10,49.66,0.440,41.5,0.089,0,0,1,HIGH_TEMP
512,50.10,50.10,49.88,0.220,41.5,0.089,0,0,1,HIGH_TEMP
513,50.10,50.10,50.10,0.220,41.5,0.089,0,0,1,HIGH_TEMP
514,50.10,50.10,50.10,0.000,41.5,0.089,0,0,1,HIGH_TEMP
515,50.10,50.10,50.10,0.000,41.5,0.089,0,0,1,HIGH_TEMP
516,50.10,50.10,50.10,0.000,41.5,0.089,0,0,1,HIGH_TEMP
517,50.10,50.10,50.10,0.000,41.5,0.089,0,0,1,HIGH_TEMP
518,50.10,50.10,50.10,0.000,41.5,0.089,0,0,1,HIGH_TEMP
519,50.10,50.10,50.10,0.000,41.5,0.089,0,0,1,HIGH_TEMP
520,50.10,50.10,50.10,0.000,41.5,0.089,0,0,1,HIGH_TEMP
521,50.10,50.10,50.10,0.000,41.5,0.089,0,0,1,HIGH_TEMP
522,50.10,50.10,50.10,0.000,41.5,0.089,0,0,1,HIGH_TEMP
523,50.10,50.10,50.10,0.000,41.5,0.089,0,0,1,HIGH_TEMP
524,50.10,50.10,50.10,0.000,41.5,0.089,0,0,1,HIGH_TEMP
525,50.10,50.10,50.10,0.000,41.5,0.089,0,0,1,HIGH_TEMP
526,50.10,50.10,50.10,0.000,41.5,0.089,0,0,1,HIGH_TEMP
527,50.10,50.10,50.10,0.000,41.5,0.089,0,0,1,HIGH_TEMP
528,50.10,50.10,50.10,0.000,41.5,0.089,0,0,1,HIGH_TEMP
529,50.10,50.10,50.10,0.000,41.5,0.089,0,0,1,HIGH_TEMP
530,50.10,50.10,50.10,0.000,41.5,0.089,0,0,1,HIGH_TEMP
531,50.10,50.10,50.10,0.000,41.5,0.089,0,0,1,HIGH_TEMP
532,50.10,50.10,50.10,0.000,41.5,0.089,0,0,1,HIGH_TEMP
533,50.10,50.10,50.10,0.000,41.5,0.089,0,0,1,HIGH_TEMP
534,50.10,50.10,50.10,0.000,41.5,0.089,0,0,1,HIGH_TEMP
535,50.10,50.10,50.10,0.000,41.5,0.089,0,0,1,HIGH_TEMP
536,50.10,50.10,50.10,0.000,41.5,0.089,0,0,1,HIGH_TEMP
537,50.10,50.10,50.10,0.000,41.5,0.089,0,0,1,HIGH_TEMP
538,50.10,50.10,50.10,0.000,41.5,0.089,0,0,1,HIGH_TEMP
539,50.10,50.10,50.10,0.000,41.5,0.089,0,0,1,HIGH_TEMP
540,50.10,50.10,50.10,0.000,41.5,0.089,0,0,1,HIGH_TEMP
541,50.10,50.10,50.10,0.000,41.5,0.089,0,0,1,HIGH_TEMP
542,50.10,50.10,50.10,0.000,41.5,0.089,0,0,1,HIGH_TEMP
543,50.10,50.10,50.10,0.000,41.5,0.089,0,0,1,HIGH_TEMP
544,50.10,50.10,50.10,0.000,41.5,0.089,0,0,1,HIGH_TEMP
545,62.80,62.80,52.64,2.540,41.5,0.089,0,0,1,HIGH_TEMP
546,62.80,62.80,55.18,2.540,41.5,0.089,0,0,1,HIGH_TEMP
547,62.80,62.80,57.72,2.540,41.5,0.089,0,0,1,HIGH_TEMP
548,62.80,62.80,60.26,2.540,41.5,0.089,0,0,1,HIGH_TEMP
549,62.80,62.80,62.80,2.540,41.5,0.089,0,0,1,HIGH_TEMP
550,62.80,62.80,62.80,0.000,41.5,0.089,0,0,1,HIGH_TEMP
551,62.80,62.80,62.80,0.000,41.5,0.089,0,0,1,HIGH_TEMP
552,62.80,62.80,62.80,0.000,41.5,0.089,1,1,1,HIGH_TEMP
553,62.80,62.80,62.80,0.000,41.5,0.089,1,0,1,HIGH_TEMP
554,62.80,62.80,62.80,0.000,41.5,0.089,1,0,1,HIGH_TEMP
555,62.80,62.80,62.80,0.000,41.5,0.089,1,0,1,HIGH_TEMP
556,62.80,62.80,62.80,0.000,41.5,0.089,1,0,1,HIGH_TEMP
557,62.80,62.80,62.80,0.000,41.5,0.089,1,0,1,HIGH_TEMP
558,62.80,62.80,62.80,0.000,41.5,0.089,1,0,1,HIGH_TEMP
559,62.80,62.80,62.80,0.000,41.5,0.089,1,0,1,HIGH_TEMP
560,62.80,62.80,62.80,0.000,41.5,0.089,0,0,1,HIGH_TEMP
561,62.80,62.80,62.80,0.000,41.5,0.089,0,0,1,HIGH_TEMP
562,62.80,62.80,62.80,0.000,41.5,0.089,0,0,1,HIGH_TEMP
563,62.80,62.80,62.80,0.000,41.5,0.089,1,1,1,HIGH_TEMP
564,62.80,62.80,62.80,0.000,41.5,0.089,1,0,1,HIGH_TEMP
565,62.80,62.80,62.80,0.000,41.5,0.089,1,0,1,HIGH_TEMP
566,62.80,62.80,62.80,0.000,41.5,0.089,1,0,1,HIGH_TEMP
567,62.80,62.80,62.80,0.000,41.5,0.089,1,0,1,HIGH_TEMP
568,62.80,62.80,62.80,0.000,41.5,0.089,1,0,1,HIGH_TEMP
569,62.80,62.80,62.80,0.000,41.5,0.089,1,0,1,HIGH_TEMP
570,62.80,62.80,62.80,0.000,41.5,0.089,1,0,1,HIGH_TEMP
571,62.80,62.80,62.80,0.000,41.5,0.089,1,0,1,HIGH_TEMP
572,62.80,62.80,62.80,0.000,41.5,0.089,1,0,1,HIGH_TEMP
573,62.80,62.80,62.80,0.000,41.5,0.089,0,0,1,HIGH_TEMP
574,62.80,62.80,62.80,0.000,41.5,0.089,0,0,1,HIGH_TEMP
575,62.80,62.80,62.80,0.000,41.5,0.089,0,0,1,HIGH_TEMP
576,62.80,62.80,62.80,0.000,41.5,0.089,0,0,1,HIGH_TEMP
577,62.80,62.80,62.80,0.000,41.5,0.089,0,0,1,HIGH_TEMP
578,62.80,62.80,62.80,0.000,41.5,0.089,0,0,1,HIGH_TEMP
579,62.80,62.80,62.80,0.000,41.5,0.089,1,1,1,HIGH_TEMP
580,62.80,62.80,62.80,0.000,41.5,0.089,1,0,1,HIGH_TEMP
581,62.80,62.80,62.80,0.000,41.5,0.089,1,0,1,HIGH_TEMP
582,62.80,62.80,62.80,0.000,41.5,0.089,1,0,1,HIGH_TEMP
583,62.80,62.80,62.80,0.000,41.5,0.089,1,0,1,HIGH_TEMP
584,62.80,62.80,62.80,0.000,41.5,0.089,1,0,1,HIGH_TEMP
585,62.80,62.80,62.80,0.000,41.5,0.089,1,0,1,HIGH_TEMP
586,62.80,62.80,62.80,0.000,41.5,0.089,1,0,1,HIGH_TEMP
587,62.80,62.80,62.80,0.000,41.5,0.089,1,0,1,HIGH_TEMP
588,62.80,62.80,62.80,0.000,41.5,0.089,1,0,1,HIGH_TEMP
589,62.80,62.80,62.80,0.000,41.5,0.089,1,0,1,HIGH_TEMP
590,62.80,62.80,62.80,0.000,41.5,0.089,1,0,1,HIGH_TEMP
591,62.80,62.80,62.80,0.000,41.5,0.089,1,0,1,HIGH_TEMP
592,62.80,62.80,62.80,0.000,41.5,0.089,0,0,1,HIGH_TEMP
593,62.80,62.80,62.80,0.000,41.5,0.089,0,0,1,HIGH_TEMP
594,62.80,62.80,62.80,0.000,41.5,0.089,0,0,1,HIGH_TEMP
595,62.80,62.80,62.80,0.000,41.5,0.089,0,0,1,HIGH_TEMP
596,62.80,62.80,62.80,0.000,41.5,0.089,0,0,1,HIGH_TEMP
597,62.80,62.80,62.80,0.000,41.5,0.089,0,0,1,HIGH_TEMP
598,62.80,62.80,62.80,0.000,41.5,0.089,0,0,1,HIGH_TEMP
599,62.80,62.80,62.80,0.000,41.5,0.089,0,0,1,HIGH_TEMP
600,62.80,62.80,62.80,0.000,41.5,0.089,0,0,1,HIGH_TEMP
601,62.80,62.80,62.80,0.000,41.5,0.089,0,0,1,HIGH_TEMP
602,62.80,62.80,62.80,0.000,41.5,0.089,0,0,1,HIGH_TEMP
603,62.80,62.80,62.80,0.000,41.5,0.089,0,0,1,HIGH_TEMP
604,62.80,62.80,62.80,0.000,41.5,0.089,0,0,1,HIGH_TEMP
605,62.80,62.80,62.80,0.000,41.5,0.089,0,0,1,HIGH_TEMP
606,62.80,62.80,62.80,0.000,41.5,0.089,0,0,1,HIGH_TEMP
607,62.80,62.80,62.80,0.000,41.5,0.089,0,0,1,HIGH_TEMP
608,62.80,62.80,62.80,0.000,41.5,0.089,0,0,1,HIGH_TEMP
609,62.80,62.80,62.80,0.000,41.5,0.089,0,0,1,HIGH_TEMP
610,62.80,62.80,62.80,0.000,41.5,0.089,0,0,1,HIGH_TEMP
611,62.80,62.80,62.80,0.000,41.5,0.089,0,0,1,HIGH_TEMP
612,62.80,62.80,62.80,0.000,41.5,0.089,0,0,1,HIGH_TEMP
613,62.80,62.80,62.80,0.000,41.5,0.089,0,0,1,HIGH_TEMP
614,62.80,62.80,62.80,0.000,41.5,0.089,0,0,1,HIGH_TEMP
615,62.80,62.80,62.80,0.000,41.5,0.089,0,0,1,HIGH_TEMP
616,62.80,62.80,62.80,0.000,41.5,0.089,0,0,1,HIGH_TEMP
617,62.80,62.80,62.80,0.000,41.5,0.089,0,0,1,HIGH_TEMP
618,62.80,62.80,62.80,0.000,41.5,0.089,0,0,1,HIGH_TEMP
619,62.80,62.80,62.80,0.000,41.5,0.089,0,0,1,HIGH_TEMP
620,62.80,62.80,62.80,0.000,41.5,0.089,0,0,1,HIGH_TEMP
621,62.80,62.80,62.80,0.000,41.5,0.089,0,0,1,HIGH_TEMP
622,62.80,62.80,62.80,0.000,41.5,0.089,0,0,1,HIGH_TEMP
623,62.80,62.80,62.80,0.000,41.5,0.089,0,0,1,HIGH_TEMP
624,62.80,62.80,62.80,0.000,41.5,0.089,0,0,1,HIGH_TEMP
625,62.80,62.80,62.80,0.000,41.5,0.089,1,1,1,HIGH_TEMP
626,62.80,62.80,62.80,0.000,41.5,0.089,1,0,1,HIGH_TEMP
627,62.80,62.80,62.80,0.000,41.5,0.089,1,0,1,HIGH_TEMP
628,62.80,62.80,62.80,0.000,41.5,0.089,1,0,1,HIGH_TEMP
629,62.80,62.80,62.80,0.000,41.5,0.089,1,0,1,HIGH_TEMP
630,62.80,62.80,62.80,0.000,41.5,0.089,0,0,1,HIGH_TEMP
631,62.80,62.80,62.80,0.000,41.5,0.089,0,0,1,HIGH_TEMP
632,62.80,62.80,62.80,0.000,41.5,0.089,0,0,1,HIGH_TEMP
633,62.80,62.80,62.80,0.000,41.5,0.089,0,0,1,HIGH_TEMP
634,62.80,62.80,62.80,0.000,41.5,0.089,1,1,1,HIGH_TEMP
635,62.80,62.80,62.80,0.000,41.5,0.089,1,0,1,HIGH_TEMP
636,62.80,62.80,62.80,0.000,41.5,0.089,1,0,1,HIGH_TEMP
637,62.80,62.80,62.80,0.000,41.5,0.089,1,0,1,HIGH_TEMP
638,62.80,62.80,62.80,0.000,41.5,0.089,1,0,1,HIGH_TEMP
639,62.80,62.80,62.80,0.000,41.5,0.089,0,0,1,HIGH_TEMP
640,62.80,62.80,62.80,0.000,41.5,0.089,0,0,1,HIGH_TEMP
641,62.80,62.80,62.80,0.000,41.5,0.089,0,0,1,HIGH_TEMP
642,62.80,62.80,62.80,0.000,41.5,0.089,0,0,1,HIGH_TEMP
643,62.80,62.80,62.80,0.000,41.5,0.089,0,0,1,HIGH_TEMP
644,62.80,62.80,62.80,0.000,41.5,0.089,0,0,1,HIGH_TEMP
645,62.80,62.80,62.80,0.000,41.5,0.089,0,0,1,HIGH_TEMP
646,62.80,62.80,62.80,0.000,41.5,0.089,0,0,1,HIGH_TEMP
647,62.80,62.80,62.80,0.000,41.5,0.089,0,0,1,HIGH_TEMP
648,62.80,62.80,62.80,0.000,41.5,0.089,0,0,1,HIGH_TEMP
649,62.80,62.80,62.80,0.000,41.5,0.089,0,0,1,HIGH_TEMP
650,62.80,62.80,62.80,0.000,41.5,0.089,0,0,1,HIGH_TEMP
651,62.80,62.80,62.80,0.000,41.5,0.089,0,0,1,HIGH_TEMP
652,62.80,62.80,62.80,0.000,41.5,0.089,0,0,1,HIGH_TEMP
653,62.80,62.80,62.80,0.000,41.5,0.089,0,0,1,HIGH_TEMP
654,62.80,62.80,62.80,0.000,41.5,0.089,0,0,1,HIGH_TEMP
655,62.80,62.80,62.80,0.000,41.5,0.089,0,0,1,HIGH_TEMP
656,62.80,62.80,62.80,0.000,41.5,0.089,0,0,1,HIGH_TEMP
657,62.80,62.80,62.80,0.000,41.5,0.089,0,0,1,HIGH_TEMP
658,62.80,62.80,62.80,0.000,41.5,0.089,0,0,1,HIGH_TEMP
659,62.80,62.80,62.80,0.000,41.5,0.089,0,0,1,HIGH_TEMP
660,62.80,62.80,62.80,0.000,41.5,0.089,0,0,1,HIGH_TEMP
661,62.80,62.80,62.80,0.000,41.5,0.089,0,0,1,HIGH_TEMP
662,62.80,62.80,62.80,0.000,41.5,0.089,0,0,1,HIGH_TEMP
663,62.80,62.80,62.80,0.000,41.5,0.089,0,0,1,HIGH_TEMP
664,62.80,62.80,62.80,0.000,41.5,0.089,0,0,1,HIGH_TEMP
665,62.80,62.80,62.80,0.000,41.5,0.089,0,0,1,HIGH_TEMP
666,62.80,62.80,62.80,0.000,41.5,0.089,0,0,1,HIGH_TEMP
667,62.80,62.80,62.80,0.000,41.5,0.089,0,0,1,HIGH_TEMP
668,62.80,62.80,62.80,0.000,41.5,0.089,0,0,1,HIGH_TEMP
669,62.80,62.80,62.80,0.000,41.5,0.089,0,0,1,HIGH_TEMP
670,62.80,62.80,62.80,0.000,41.5,0.089,0,0,1,HIGH_TEMP
671,62.80,62.80,62.80,0.000,41.5,0.089,0,0,1,HIGH_TEMP
672,62.80,62.80,62.80,0.000,41.5,0.089,0,0,1,HIGH_TEMP
673,62.80,62.80,62.80,0.000,41.5,0.089,0,0,1,HIGH_TEMP
674,62.80,62.80,62.80,0.000,41.5,0.089,0,0,1,HIGH_TEMP
675,62.80,62.80,62.80,0.000,41.5,0.089,0,0,1,HIGH_TEMP
676,62.80,62.80,62.80,0.000,41.5,0.089,0,0,1,HIGH_TEMP
677,62.80,62.80,62.80,0.000,41.5,0.089,0,0,1,HIGH_TEMP
678,62.80,62.80,62.80,0.000,41.5,0.089,0,0,1,HIGH_TEMP
679,62.80,62.80,62.80,0.000,41.5,0.089,0,0,1,HIGH_TEMP
680,62.80,62.80,62.80,0.000,41.5,0.089,0,0,1,HIGH_TEMP
681,62.80,62.80,62.80,0.000,41.5,0.089,0,0,1,HIGH_TEMP
682,62.80,62.80,62.80,0.000,41.5,0.089,0,0,1,HIGH_TEMP
683,62.80,62.80,62.80,0.000,41.5,0.089,0,0,1,HIGH_TEMP
684,62.80,62.80,62.80,0.000,41.5,0.089,0,0,1,HIGH_TEMP
685,62.80,62.80,62.80,0.000,41.5,0.089,0,0,1,HIGH_TEMP
686,62.80,62.80,62.80,0.000,41.5,0.089,0,0,1,HIGH_TEMP
687,62.80,62.80,62.80,0.000,41.5,0.089,0,0,1,HIGH_TEMP
688,62.80,62.80,62.80,0.000,41.5,0.089,0,0,1,HIGH_TEMP
689,62.80,62.80,62.80,0.000,41.5,0.089,0,0,1,HIGH_TEMP
690,62.80,62.80,62.80,0.000,41.5,0.089,0,0,1,HIGH_TEMP
691,62.80,62.80,62.80,0.000,41.5,0.089,0,0,1,HIGH_TEMP
692,62.80,62.80,62.80,0.000,41.5,0.089,0,0,1,HIGH_TEMP
693,62.80,62.80,62.80,0.000,41.5,0.089,0,0,1,HIGH_TEMP
694,62.80,62.80,62.80,0.000,41.5,0.089,0,0,1,HIGH_TEMP
695,62.80,62.80,62.80,0.000,41.5,0.089,0,0,1,HIGH_TEMP
696,62.80,62.80,62.80,0.000,41.5,0.089,0,0,1,HIGH_TEMP
697,62.80,62.80,62.80,0.000,41.5,0.089,0,0,1,HIGH_TEMP
698,62.80,62.80,62.80,0.000,41.5,0.089,0,0,1,HIGH_TEMP
699,62.80,62.80,62.80,0.000,41.5,0.089,0,0,1,HIGH_TEMP
700,62.80,62.80,62.80,0.000,41.5,0.089,1,1,1,HIGH_TEMP
701,62.80,62.80,62.80,0.000,41.5,0.089,1,0,1,HIGH_TEMP
702,62.80,62.80,62.80,0.000,41.5,0.089,1,0,1,HIGH_TEMP
703,62.80,62.80,62.80,0.000,41.5,0.089,1,0,1,HIGH_TEMP
704,62.80,62.80,62.80,0.000,41.5,0.089,1,0,1,HIGH_TEMP
705,62.80,62.80,62.80,0.000,41.5,0.089,1,0,1,HIGH_TEMP
706,62.80,62.80,62.80,0.000,41.5,0.089,1,0,1,HIGH_TEMP
707,62.80,62.80,62.80,0.000,41.5,0.089,1,0,1,HIGH_TEMP
708,62.80,62.80,62.80,0.000,41.5,0.089,0,0,1,HIGH_TEMP
709,62.80,62.80,62.80,0.000,41.5,0.089,0,0,1,HIGH_TEMP
710,62.80,62.80,62.80,0.000,41.5,0.089,0,0,1,HIGH_TEMP
711,62.80,62.80,62.80,0.000,41.5,0.089,0,0,1,HIGH_TEMP
712,62.80,62.80,62.80,0.000,41.5,0.089,0,0,1,HIGH_TEMP
713,62.80,62.80,62.80,0.000,41.5,0.089,0,0,1,HIGH_TEMP
714,62.80,62.80,62.80,0.000,41.5,0.089,0,0,1,HIGH_TEMP
715,62.80,62.80,62.80,0.000,41.5,0.089,0,0,1,HIGH_TEMP
716,62.80,62.80,62.80,0.000,41.5,0.089,0,0,1,HIGH_TEMP
717,62.80,62.80,62.80,0.000,41.5,0.089,0,0,1,HIGH_TEMP
718,62.80,62.80,62.80,0.000,41.5,0.089,0,0,1,HIGH_TEMP
719,62.80,62.80,62.80,0.000,41.5,0.089,0,0,1,HIGH_TEMP
720,62.80,62.80,62.80,0.000,41.5,0.089,0,0,1,HIGH_TEMP
721,62.80,62.80,62.80,0.000,41.5,0.089,0,0,1,HIGH_TEMP
722,62.80,62.80,62.80,0.000,41.5,0.089,1,1,1,HIGH_TEMP
723,62.80,62.80,62.80,0.000,41.5,0.089,1,0,1,HIGH_TEMP
724,62.80,62.80,62.80,0.000,41.5,0.089,1,0,1,HIGH_TEMP
725,62.80,62.80,62.80,0.000,41.5,0.089,1,0,1,HIGH_TEMP
726,62.80,62.80,62.80,0.000,41.5,0.089,1,0,1,HIGH_TEMP
727,62.80,62.80,62.80,0.000,41.5,0.089,0,0,1,HIGH_TEMP
728,62.80,62.80,62.80,0.000,41.5,0.089,0,0,1,HIGH_TEMP
729,62.80,62.80,62.80,0.000,41.5,0.089,0,0,1,HIGH_TEMP
730,62.80,62.80,62.80,0.000,41.5,0.089,0,0,1,HIGH_TEMP
731,62.80,62.80,62.80,0.000,41.5,0.089,0,0,1,HIGH_TEMP
732,62.80,62.80,62.80,0.000,41.5,0.089,0,0,1,HIGH_TEMP
733,62.80,62.80,62.80,0.000,41.5,0.089,0,0,1,HIGH_TEMP
734,62.80,62.80,62.80,0.000,41.5,0.089,0,0,1,HIGH_TEMP
735,62.80,62.80,62.80,0.000,41.5,0.089,0,0,1,HIGH_TEMP
736,62.80,62.80,62.80,0.000,41.5,0.089,0,0,1,HIGH_TEMP
737,62.80,62.80,62.80,0.000,41.5,0.089,0,0,1,HIGH_TEMP
738,62.80,62.80,62.80,0.000,41.5,0.089,0,0,1,HIGH_TEMP
739,62.80,62.80,62.80,0.000,41.5,0.089,0,0,1,HIGH_TEMP
740,62.80,62.80,62.80,0.000,41.5,0.089,1,1,1,HIGH_TEMP
741,62.80,62.80,62.80,0.000,41.5,0.089,1,0,1,HIGH_TEMP
742,62.80,62.80,62.80,0.000,41.5,0.089,1,0,1,HIGH_TEMP
743,62.80,62.80,62.80,0.000,41.5,0.089,1,0,1,HIGH_TEMP
744,62.80,62.80,62.80,0.000,41.5,0.089,1,0,1,HIGH_TEMP
745,62.80,62.80,62.80,0.000,41.5,0.089,1,0,1,HIGH_TEMP
746,62.80,62.80,62.80,0.000,41.5,0.089,1,0,1,HIGH_TEMP
747,62.80,62.80,62.80,0.000,41.5,0.089,1,0,1,HIGH_TEMP
748,62.80,62.80,62.80,0.000,41.5,0.089,1,0,1,HIGH_TEMP
749,62.80,62.80,62.80,0.000,41.5,0.089,0,0,1,HIGH_TEMP
750,62.80,62.80,62.80,0.000,41.5,0.089,0,0,1,HIGH_TEMP
751,62.80,62.80,62.80,0.000,41.5,0.089,0,0,1,HIGH_TEMP
752,62.80,62.80,62.80,0.000,41.5,0.089,0,0,1,HIGH_TEMP
753,62.80,62.80,62.80,0.000,41.5,0.089,0,0,1,HIGH_TEMP
754,62.80,62.80,62.80,0.000,41.5,0.089,0,0,1,HIGH_TEMP
755,62.80,62.80,62.80,0.000,41.5,0.089,0,0,1,HIGH_TEMP
756,62.80,62.80,62.80,0.000,41.5,0.089,0,0,1,HIGH_TEMP
757,62.80,62.80,62.80,0.000,41.5,0.089,0,0,1,HIGH_TEMP
758,62.80,62.80,62.80,0.000,41.5,0.089,0,0,1,HIGH_TEMP
759,62.80,62.80,62.80,0.000,41.5,0.089,0,0,1,HIGH_TEMP
760,62.80,62.80,62.80,0.000,41.5,0.089,0,0,1,HIGH_TEMP
761,62.80,62.80,62.80,0.000,41.5,0.089,0,0,1,HIGH_TEMP
762,62.80,62.80,62.80,0.000,41.5,0.089,0,0,1,HIGH_TEMP
763,62.80,62.80,62.80,0.000,41.5,0.089,0,0,1,HIGH_TEMP
764,62.80,62.80,62.80,0.000,41.5,0.089,0,0,1,HIGH_TEMP
765,62.80,62.80,62.80,0.000,41.5,0.089,0,0,1,HIGH_TEMP
766,62.80,62.80,62.80,0.000,41.5,0.089,0,0,1,HIGH_TEMP
767,62.80,62.80,62.80,0.000,41.5,0.089,0,0,1,HIGH_TEMP
768,62.80,62.80,62.80,0.000,41.5,0.089,0,0,1,HIGH_TEMP
769,62.80,62.80,62.80,0.000,41.5,0.089,0,0,1,HIGH_TEMP
770,62.80,62.80,62.80,0.000,41.5,0.089,0,0,1,HIGH_TEMP
771,62.80,62.80,62.80,0.000,41.5,0.089,0,0,1,HIGH_TEMP
772,62.80,62.80,62.80,0.000,41.5,0.089,0,0,1,HIGH_TEMP
773,62.80,62.80,62.80,0.000,41.5,0.089,0,0,1,HIGH_TEMP
774,62.80,62.80,62.80,0.000,41.5,0.089,0,0,1,HIGH_TEMP
775,62.80,62.80,62.80,0.000,41.5,0.089,0,0,1,HIGH_TEMP
776,62.80,62.80,62.80,0.000,41.5,0.089,0,0,1,HIGH_TEMP
777,62.80,62.80,62.80,0.000,41.5,0.089,0,0,1,HIGH_TEMP
778,62.80,62.80,62.80,0.000,41.5,0.089,0,0,1,HIGH_TEMP
779,62.80,62.80,62.80,0.000,41.5,0.089,0,0,1,HIGH_TEMP
780,62.80,62.80,62.80,0.000,41.5,0.089,0,0,1,HIGH_TEMP
781,62.80,62.80,62.80,0.000,41.5,0.089,0,0,1,HIGH_TEMP
782,62.80,62.80,62.80,0.000,41.5,0.089,0,0,1,HIGH_TEMP
783,62.80,62.80,62.80,0.000,41.5,0.089,0,0,1,HIGH_TEMP
784,62.80,62.80,62.80,0.000,41.5,0.089,0,0,1,HIGH_TEMP
785,62.80,62.80,62.80,0.000,41.5,0.089,0,0,1,HIGH_TEMP
786,62.80,62.80,62.80,0.000,41.5,0.089,0,0,1,HIGH_TEMP
787,62.80,62.80,62.80,0.000,41.5,0.089,0,0,1,HIGH_TEMP
788,62.80,62.80,62.80,0.000,41.5,0.089,0,0,1,HIGH_TEMP
789,62.80,62.80,62.80,0.000,41.5,0.089,0,0,1,HIGH_TEMP
790,62.80,62.80,62.80,0.000,41.5,0.089,0,0,1,HIGH_TEMP
791,62.80,62.80,62.80,0.000,41.5,0.089,0,0,1,HIGH_TEMP
792,62.80,62.80,62.80,0.000,41.5,0.089,0,0,1,HIGH_TEMP
793,62.80,62.80,62.80,0.000,41.5,0.089,0,0,1,HIGH_TEMP
794,62.80,62.80,62.80,0.000,41.5,0.089,1,1,1,HIGH_TEMP
795,62.80,62.80,62.80,0.000,41.5,0.089,1,0,1,HIGH_TEMP
796,62.80,62.80,62.80,0.000,41.5,0.089,1,0,1,HIGH_TEMP
797,62.80,62.80,62.80,0.000,41.5,0.089,1,0,1,HIGH_TEMP
798,62.80,62.80,62.80,0.000,41.5,0.089,1,0,1,HIGH_TEMP
799,62.80,62.80,62.80,0.000,41.5,0.089,1,0,1,HIGH_TEMP
800,62.80,62.80,62.80,0.000,41.5,0.089,1,0,1,HIGH_TEMP
801,62.80,62.80,62.80,0.000,41.5,0.089,1,0,1,HIGH_TEMP
802,62.80,62.80,62.80,0.000,41.5,0.089,1,0,1,HIGH_TEMP
803,62.80,62.80,62.80,0.000,41.5,0.089,0,0,1,HIGH_TEMP
804,62.80,62.80,62.80,0.000,41.5,0.089,0,0,1,HIGH_TEMP
805,62.80,62.80,62.80,0.000,41.5,0.089,0,0,1,HIGH_TEMP
806,62.80,62.80,62.80,0.000,41.5,0.089,0,0,1,HIGH_TEMP
807,62.80,62.80,62.80,0.000,41.5,0.089,0,0,1,HIGH_TEMP
808,62.80,62.80,62.80,0.000,41.5,0.089,0,0,1,HIGH_TEMP
809,62.80,62.80,62.80,0.000,41.5,0.089,0,0,1,HIGH_TEMP
810,62.80,62.80,62.80,0.000,41.5,0.089,0,0,1,HIGH_TEMP
811,62.80,62.80,62.80,0.000,41.5,0.089,0,0,1,HIGH_TEMP
812,62.80,62.80,62.80,0.000,41.5,0.089,0,0,1,HIGH_TEMP
